{"info":{"_postman_id":"e7ee192b-ac66-4a2d-ae5c-9cbcd323bcdd","name":"Fiverr","schema":"https://schema.getpostman.com/json/collection/v2.1.0/collection.json"},"item":[{"name":"AUTH","item":[{"name":"Register","id":"511b62ba-e75a-4b16-9904-66e7485eeefd","protocolProfileBehavior":{"disableBodyPruning":true},"request":{"method":"POST","header":[],"body":{"mode":"raw","raw":"{\n  \"email\": \"admin@example.com\",\n  \"password\": \"123456haha\",\n  \"fullname\": \"admin account\",\n  \"phone\": \"01234567890\",\n  \"gender\": \"Male\",\n  \"birthday\": \"09/09/1993\",\n  \"skill\": [\n    \"Reactjs\",\n    \"Redux\",\n    \"Html\",\n    \"Css\"\n  ],\n  \"certification\": [\n    \"certi1\",\n    \"certi2\"\n  ]\n}","options":{"raw":{"language":"json"}}},"url":{"raw":"{{base_url}}/api/auth/signup","host":["{{base_url}}"],"path":["api","auth","signup"]}},"response":[]},{"name":"Login","id":"f2d26360-8092-4752-b0eb-146c583d8912","protocolProfileBehavior":{"disableBodyPruning":true},"request":{"method":"POST","header":[],"body":{"mode":"raw","raw":"{\n  \"email\": \"user@example.com\",\n  \"password\": \"123456haha\"\n}","options":{"raw":{"language":"json"}}},"url":{"raw":"{{base_url}}/api/auth/signin","host":["{{base_url}}"],"path":["api","auth","signin"]}},"response":[]}],"id":"9da7bd20-8d2a-455b-b40c-54dade1f833e"},{"name":"USER","item":[{"name":"Profile","id":"4d06ae1c-273f-47e4-bab1-46acb789b896","protocolProfileBehavior":{"disableBodyPruning":true},"request":{"auth":{"type":"bearer","bearer":[{"key":"token","value":"eyJhbGciOiJIUzI1NiIsInR5cCI6IkpXVCJ9.eyJpZCI6MTMsIm5hbWUiOiJlbGl6YWJldGgga2lraSIsImtleVBhaXIiOiI0QUkiLCJyb2xlIjoiVVNFUiIsImlhdCI6MTcyMDIwMjQ2OCwiZXhwIjoxNzIwMjA2MDY4fQ.m9569kKtNm3EAKX07sZVh3e4WptzZ3-6PrQgg6KONb0","type":"string"}]},"method":"GET","header":[],"url":{"raw":"{{base_url}}/api/users/","host":["{{base_url}}"],"path":["api","users",""]}},"response":[]},{"name":"User by Id","id":"394aa8cb-baab-47a3-b65e-b0b9a7d95490","protocolProfileBehavior":{"disableBodyPruning":true},"request":{"auth":{"type":"bearer","bearer":[{"key":"token","value":"","type":"string"}]},"method":"GET","header":[],"url":{"raw":"{{base_url}}/api/users/:id","host":["{{base_url}}"],"path":["api","users",":id"],"variable":[{"key":"id","value":"13"}]}},"response":[]},{"name":"Skill of user Id","id":"8cd29035-01a6-4798-bf81-ed52bfc61a4a","protocolProfileBehavior":{"disableBodyPruning":true},"request":{"auth":{"type":"bearer","bearer":[{"key":"token","value":"","type":"string"}]},"method":"GET","header":[],"url":{"raw":"{{base_url}}/api/users/:id/skills","host":["{{base_url}}"],"path":["api","users",":id","skills"],"variable":[{"key":"id","value":"13"}]}},"response":[]},{"name":"Edit profile","id":"a8f7c5eb-c318-42ab-bcc9-b288f802f662","protocolProfileBehavior":{"disableBodyPruning":true},"request":{"auth":{"type":"bearer","bearer":[{"key":"token","value":"eyJhbGciOiJIUzI1NiIsInR5cCI6IkpXVCJ9.eyJpZCI6MTMsIm5hbWUiOiJlbGl6YWJldGgga2lraSIsImtleVBhaXIiOiI0QUkiLCJyb2xlIjoiVVNFUiIsImlhdCI6MTcyMDIwMjQ2OCwiZXhwIjoxNzIwMjA2MDY4fQ.m9569kKtNm3EAKX07sZVh3e4WptzZ3-6PrQgg6KONb0","type":"string"}]},"method":"PUT","header":[],"body":{"mode":"raw","raw":"{\n  \"fullname\": \"elizabeth kiki\",\n  \"phone\": \"01234567890\",\n  \"gender\": \"Male\",\n  \"birthday\": \"09/09/1993\",\n  \"skill\": [\n    \"Reactjs\",\n    \"Redux\",\n    \"Html\",\n    \"Css\"\n  ]\n}","options":{"raw":{"language":"json"}}},"url":{"raw":"{{base_url}}/api/users/:resourceId","host":["{{base_url}}"],"path":["api","users",":resourceId"],"variable":[{"key":"resourceId","value":"13"}]}},"response":[]},{"name":"Upload avatar","id":"18b9023a-6ffd-416a-a78e-3b9f727bd819","protocolProfileBehavior":{"disableBodyPruning":true},"request":{"auth":{"type":"bearer","bearer":[{"key":"token","value":"eyJhbGciOiJIUzI1NiIsInR5cCI6IkpXVCJ9.eyJpZCI6MTMsIm5hbWUiOiJlbGl6YWJldGgga2lraSIsImtleVBhaXIiOiI1SDIiLCJyb2xlIjoiVVNFUiIsImlhdCI6MTcyMDIwMjU0MCwiZXhwIjoxNzIwMjA2MTQwfQ.zmvNR2neAV4LwiaOf2j-Cq4Svo8BrHj2Uy2VKdMqYDA","type":"string"}]},"method":"POST","header":[],"body":{"mode":"formdata","formdata":[{"key":"avatar","type":"file","src":"/Users/minhvu/Downloads/maxresdefault.jpg"}]},"url":{"raw":"{{base_url}}/api/users/upload-avatar","host":["{{base_url}}"],"path":["api","users","upload-avatar"]}},"response":[]},{"name":"Search by fullname","id":"f1a72a03-3bf6-4e12-be13-991d1a63c3b5","protocolProfileBehavior":{"disableBodyPruning":true},"request":{"method":"GET","header":[],"url":{"raw":"{{base_url}}/api/users/search?limit=10&page=1&search=ad","host":["{{base_url}}"],"path":["api","users","search"],"query":[{"key":"limit","value":"10"},{"key":"page","value":"1"},{"key":"search","value":"ad"}]}},"response":[]},{"name":"Certifications of user Id","id":"094401b5-2980-441e-8899-70d8c0edf05d","protocolProfileBehavior":{"disableBodyPruning":true},"request":{"method":"GET","header":[],"url":{"raw":"{{base_url}}/api/users/:id/certifications","host":["{{base_url}}"],"path":["api","users",":id","certifications"],"variable":[{"key":"id","value":"13"}]}},"response":[]},{"name":"Remove Certifications of user Id","id":"06005b6b-9f08-4da3-9c88-1538674f2615","protocolProfileBehavior":{"disableBodyPruning":true},"request":{"auth":{"type":"bearer","bearer":[{"key":"token","value":"eyJhbGciOiJIUzI1NiIsInR5cCI6IkpXVCJ9.eyJpZCI6MTMsIm5hbWUiOiJlbGl6YWJldGgga2lraSIsImtleVBhaXIiOiI1SDIiLCJyb2xlIjoiVVNFUiIsImlhdCI6MTcyMDIwMjU0MCwiZXhwIjoxNzIwMjA2MTQwfQ.zmvNR2neAV4LwiaOf2j-Cq4Svo8BrHj2Uy2VKdMqYDA","type":"string"}]},"method":"DELETE","header":[],"url":{"raw":"{{base_url}}/api/users/certifications/:resourceId","host":["{{base_url}}"],"path":["api","users","certifications",":resourceId"],"variable":[{"key":"resourceId","value":"8"}]}},"response":[]},{"name":"Create certification","id":"cfa429d9-84a6-49ef-a9e0-35101bed982a","protocolProfileBehavior":{"disableBodyPruning":true},"request":{"auth":{"type":"bearer","bearer":[{"key":"token","value":"eyJhbGciOiJIUzI1NiIsInR5cCI6IkpXVCJ9.eyJpZCI6MTMsIm5hbWUiOiJlbGl6YWJldGgga2lraSIsImtleVBhaXIiOiI1SDIiLCJyb2xlIjoiVVNFUiIsImlhdCI6MTcyMDIwMjU0MCwiZXhwIjoxNzIwMjA2MTQwfQ.zmvNR2neAV4LwiaOf2j-Cq4Svo8BrHj2Uy2VKdMqYDA","type":"string"}]},"method":"POST","header":[],"body":{"mode":"raw","raw":"[\n  \"Certification index 1\",\n  \"React master IBM\"\n]","options":{"raw":{"language":"json"}}},"url":{"raw":"{{base_url}}/api/users/certifications","host":["{{base_url}}"],"path":["api","users","certifications"]}},"response":[]},{"name":"List gig of user Id","id":"d82eb252-aa3e-490b-b35d-f0f1a97afe47","protocolProfileBehavior":{"disableBodyPruning":true},"request":{"method":"GET","header":[],"url":{"raw":"{{base_url}}/api/users/:id/gigs?page=1&limit=10","host":["{{base_url}}"],"path":["api","users",":id","gigs"],"query":[{"key":"page","value":"1"},{"key":"limit","value":"10"}],"variable":[{"key":"id","value":"13"}]}},"response":[]},{"name":"Assign Role - ADMIN","id":"4f90abd8-3b94-40f5-b373-ef3d1f90d906","protocolProfileBehavior":{"disableBodyPruning":true},"request":{"auth":{"type":"bearer","bearer":[{"key":"token","value":"eyJhbGciOiJIUzI1NiIsInR5cCI6IkpXVCJ9.eyJpZCI6MTMsIm5hbWUiOiJlbGl6YWJldGgga2lraSIsImtleVBhaXIiOiI1SDIiLCJyb2xlIjoiVVNFUiIsImlhdCI6MTcyMDIwMjU0MCwiZXhwIjoxNzIwMjA2MTQwfQ.zmvNR2neAV4LwiaOf2j-Cq4Svo8BrHj2Uy2VKdMqYDA","type":"string"}]},"method":"PUT","header":[],"body":{"mode":"raw","raw":"{\n  \"role_id\": 2,\n  \"user_id\": 14\n}","options":{"raw":{"language":"json"}}},"url":{"raw":"{{base_url}}/api/users/assign-role","host":["{{base_url}}"],"path":["api","users","assign-role"]}},"response":[]},{"name":"Roles of user","id":"8407b863-6e82-4ba5-b787-96de093d28b3","protocolProfileBehavior":{"disableBodyPruning":true},"request":{"method":"GET","header":[],"url":{"raw":"{{base_url}}/api/users/roles","host":["{{base_url}}"],"path":["api","users","roles"]}},"response":[]}],"id":"146a7bbb-1a86-40cf-9241-2ea120858bea"},{"name":"SKILLS - ADMIN","item":[{"name":"List skills","id":"73b063f8-f052-4ebe-bb37-a6c741566c6c","protocolProfileBehavior":{"disableBodyPruning":true},"request":{"method":"GET","header":[],"url":{"raw":"{{base_url}}/api/skills","host":["{{base_url}}"],"path":["api","skills"]}},"response":[]},{"name":"Create skills - ADMIN","id":"89638904-9417-40ed-b836-05dc56192783","protocolProfileBehavior":{"disableBodyPruning":true},"request":{"auth":{"type":"bearer","bearer":[{"key":"token","value":"eyJhbGciOiJIUzI1NiIsInR5cCI6IkpXVCJ9.eyJpZCI6MTMsIm5hbWUiOiJlbGl6YWJldGgga2lraSIsImtleVBhaXIiOiIzQ1UiLCJyb2xlIjoiQURNSU4iLCJpYXQiOjE3MjAxODU0NzQsImV4cCI6MTcyMDE4OTA3NH0.0Zy0Lxkirr0I1PK0iIWCwLqo6ugMZ2kbIOaktglQ2zM","type":"string"}]},"method":"POST","header":[],"body":{"mode":"raw","raw":"[\n  \"React Query\",\n  \"Scratch\"\n]","options":{"raw":{"language":"json"}}},"url":{"raw":"{{base_url}}/api/skills","host":["{{base_url}}"],"path":["api","skills"]}},"response":[]},{"name":"Remove skills - ADMIN","id":"a9f3933e-a88a-49e2-b263-5361219678e6","protocolProfileBehavior":{"disableBodyPruning":true},"request":{"auth":{"type":"bearer","bearer":[{"key":"token","value":"eyJhbGciOiJIUzI1NiIsInR5cCI6IkpXVCJ9.eyJpZCI6MTMsIm5hbWUiOiJlbGl6YWJldGgga2lraSIsImtleVBhaXIiOiIzQ1UiLCJyb2xlIjoiQURNSU4iLCJpYXQiOjE3MjAxODU0NzQsImV4cCI6MTcyMDE4OTA3NH0.0Zy0Lxkirr0I1PK0iIWCwLqo6ugMZ2kbIOaktglQ2zM","type":"string"}]},"method":"DELETE","header":[],"body":{"mode":"raw","raw":"{\n  \"skillsId\": [\n    20,\n    21,\n    25\n  ]\n}","options":{"raw":{"language":"json"}}},"url":{"raw":"{{base_url}}/api/skills","host":["{{base_url}}"],"path":["api","skills"]}},"response":[]},{"name":"Search skills","id":"58b04af0-45a4-4ebe-b708-ed3fc0c9f8da","protocolProfileBehavior":{"disableBodyPruning":true},"request":{"method":"GET","header":[],"url":{"raw":"{{base_url}}/api/skills/search?search=re","host":["{{base_url}}"],"path":["api","skills","search"],"query":[{"key":"search","value":"re"}]}},"response":[]}],"id":"b21336d0-a926-4e30-b3e6-a5d97abd6a34"},{"name":"GIG CATEGORIES - ADMIN","item":[{"name":"Gig categories","id":"a9b1205f-c5ea-42dc-9bc6-72804ce80e32","protocolProfileBehavior":{"disableBodyPruning":true},"request":{"method":"GET","header":[],"url":{"raw":"{{base_url}}/api/gig-cates/","host":["{{base_url}}"],"path":["api","gig-cates",""]}},"response":[]},{"name":"Create Gig categories - ADMIN","id":"df9a4594-d316-4dd7-88e3-3306f8ac6b0a","protocolProfileBehavior":{"disableBodyPruning":true},"request":{"auth":{"type":"bearer","bearer":[{"key":"token","value":"eyJhbGciOiJIUzI1NiIsInR5cCI6IkpXVCJ9.eyJpZCI6MTMsIm5hbWUiOiJlbGl6YWJldGgga2lraSIsImtleVBhaXIiOiI1SDIiLCJyb2xlIjoiVVNFUiIsImlhdCI6MTcyMDIwMjU0MCwiZXhwIjoxNzIwMjA2MTQwfQ.zmvNR2neAV4LwiaOf2j-Cq4Svo8BrHj2Uy2VKdMqYDA","type":"string"}]},"method":"POST","header":[],"body":{"mode":"raw","raw":"[\n    \"Front-end\",\n    \"Back-end\"\n]","options":{"raw":{"language":"json"}}},"url":{"raw":"{{base_url}}/api/gig-cates","host":["{{base_url}}"],"path":["api","gig-cates"]}},"response":[]},{"name":"Remove Gig Category","id":"4b81029b-3fa7-49fb-a4ac-b1c5b7a67d56","protocolProfileBehavior":{"disableBodyPruning":true},"request":{"auth":{"type":"bearer","bearer":[{"key":"token","value":"eyJhbGciOiJIUzI1NiIsInR5cCI6IkpXVCJ9.eyJpZCI6MTMsIm5hbWUiOiJlbGl6YWJldGgga2lraSIsImtleVBhaXIiOiI1SDIiLCJyb2xlIjoiVVNFUiIsImlhdCI6MTcyMDIwMjU0MCwiZXhwIjoxNzIwMjA2MTQwfQ.zmvNR2neAV4LwiaOf2j-Cq4Svo8BrHj2Uy2VKdMqYDA","type":"string"}]},"method":"DELETE","header":[],"body":{"mode":"raw","raw":"{\n  \"id\": 5\n}","options":{"raw":{"language":"json"}}},"url":{"raw":"{{base_url}}/api/gig-cates","host":["{{base_url}}"],"path":["api","gig-cates"]}},"response":[]},{"name":"List sub categories by cate Id","id":"02d746ea-4ece-44b8-9a8b-b9a75f6cb9fd","protocolProfileBehavior":{"disableBodyPruning":true},"request":{"method":"GET","header":[],"url":{"raw":"{{base_url}}/api/gig-cates/:id/sub-categories","host":["{{base_url}}"],"path":["api","gig-cates",":id","sub-categories"],"variable":[{"key":"id","value":"2"}]}},"response":[]},{"name":"Create Sub Category - ADMIN","id":"ceca2476-7bf2-4e0e-883d-1d44b38e4328","protocolProfileBehavior":{"disableBodyPruning":true},"request":{"auth":{"type":"bearer","bearer":[{"key":"token","value":"eyJhbGciOiJIUzI1NiIsInR5cCI6IkpXVCJ9.eyJpZCI6MTMsIm5hbWUiOiJlbGl6YWJldGgga2lraSIsImtleVBhaXIiOiIzQ1UiLCJyb2xlIjoiQURNSU4iLCJpYXQiOjE3MjAxODU0NzQsImV4cCI6MTcyMDE4OTA3NH0.0Zy0Lxkirr0I1PK0iIWCwLqo6ugMZ2kbIOaktglQ2zM","type":"string"}]},"method":"POST","header":[],"body":{"mode":"raw","raw":"{\n  \"name\": \"React js\",\n  \"description\": \"Javascript's libary\"\n}","options":{"raw":{"language":"json"}}},"url":{"raw":"{{base_url}}/api/gig-cates/:id/sub-category","host":["{{base_url}}"],"path":["api","gig-cates",":id","sub-category"],"variable":[{"key":"id","value":"4"}]}},"response":[]},{"name":"Upload image Sub category - ADMIN","id":"46b6d7e6-00c5-41b8-b1da-c72f7865797f","protocolProfileBehavior":{"disableBodyPruning":true},"request":{"auth":{"type":"bearer","bearer":[{"key":"token","value":"eyJhbGciOiJIUzI1NiIsInR5cCI6IkpXVCJ9.eyJpZCI6MTMsIm5hbWUiOiJlbGl6YWJldGgga2lraSIsImtleVBhaXIiOiJCY0giLCJyb2xlIjoiQURNSU4iLCJpYXQiOjE3MjAxODkxMDIsImV4cCI6MTcyMDE5MjcwMn0.h3Rk6JD5p0r9aRarAAzRMrsPPY0-wn-Is6SXLAfHAzw","type":"string"}]},"method":"POST","header":[],"body":{"mode":"formdata","formdata":[{"key":"imageCate","type":"file","src":"/Users/minhvu/Downloads/1322308.jpeg"}]},"url":{"raw":"{{base_url}}/api/gig-cates/sub-categories/:id/upload-image","host":["{{base_url}}"],"path":["api","gig-cates","sub-categories",":id","upload-image"],"variable":[{"key":"id","value":"8"}]}},"response":[]},{"name":"Search Categories","id":"d7d6296c-b1ff-4020-9f57-86b81933342a","protocolProfileBehavior":{"disableBodyPruning":true},"request":{"method":"GET","header":[],"url":{"raw":"{{base_url}}/api/gig-cates/search?search=desi","host":["{{base_url}}"],"path":["api","gig-cates","search"],"query":[{"key":"search","value":"desi"}]}},"response":[]},{"name":"Search sub categories","id":"38788fb9-c03b-411f-b935-68560c9d4bea","protocolProfileBehavior":{"disableBodyPruning":true},"request":{"method":"GET","header":[],"url":{"raw":"{{base_url}}/api/gig-cates/sub-categories/search?search=re","host":["{{base_url}}"],"path":["api","gig-cates","sub-categories","search"],"query":[{"key":"search","value":"re"}]}},"response":[]},{"name":"List Gigs by Sub categories","id":"02d0e8ec-b67d-4b90-871c-fd90a295657e","protocolProfileBehavior":{"disableBodyPruning":true},"request":{"method":"GET","header":[],"url":{"raw":"{{base_url}}/api/gig-cates/sub-categories/:id/gigs?limit=10&page=1","host":["{{base_url}}"],"path":["api","gig-cates","sub-categories",":id","gigs"],"query":[{"key":"limit","value":"10"},{"key":"page","value":"1"}],"variable":[{"key":"id","value":"2"}]}},"response":[]},{"name":"Remove Sub Category - ADMIN","id":"105a48db-0987-4bc5-bec6-5fbfc5130b8f","protocolProfileBehavior":{"disableBodyPruning":true},"request":{"auth":{"type":"bearer","bearer":[{"key":"token","value":"eyJhbGciOiJIUzI1NiIsInR5cCI6IkpXVCJ9.eyJpZCI6MTMsIm5hbWUiOiJlbGl6YWJldGgga2lraSIsImtleVBhaXIiOiI1SDIiLCJyb2xlIjoiVVNFUiIsImlhdCI6MTcyMDIwMjU0MCwiZXhwIjoxNzIwMjA2MTQwfQ.zmvNR2neAV4LwiaOf2j-Cq4Svo8BrHj2Uy2VKdMqYDA","type":"string"}]},"method":"DELETE","header":[],"body":{"mode":"raw","raw":"\n{\n    \"id\" : 8\n}","options":{"raw":{"language":"json"}}},"url":{"raw":"{{base_url}}/api/gig-cates/sub-categories/","host":["{{base_url}}"],"path":["api","gig-cates","sub-categories",""]}},"response":[]}],"id":"038f6f16-f8a9-4af1-8472-45cc8b55ba6a"},{"name":"GIGS","item":[{"name":"Gigs","id":"2f897fd4-4d85-47a4-b726-90873e5d6661","protocolProfileBehavior":{"disableBodyPruning":true},"request":{"method":"GET","header":[],"url":{"raw":"{{base_url}}/api/gigs?page=1&limit=10","host":["{{base_url}}"],"path":["api","gigs"],"query":[{"key":"page","value":"1"},{"key":"limit","value":"10"}]}},"response":[]},{"name":"Create Gigs","id":"1b71a2f4-6981-4e65-8488-9b9005a25d98","protocolProfileBehavior":{"disableBodyPruning":true},"request":{"auth":{"type":"bearer","bearer":[{"key":"token","value":"eyJhbGciOiJIUzI1NiIsInR5cCI6IkpXVCJ9.eyJpZCI6MTMsIm5hbWUiOiJlbGl6YWJldGgga2lraSIsImtleVBhaXIiOiJNdHciLCJyb2xlIjoiQURNSU4iLCJpYXQiOjE3MjAxOTM5MzgsImV4cCI6MTcyMDE5NzUzOH0.2AhyM4toarxA5UMnGrrWxWR7LcJMgtvWxzaalusZalg","type":"string"}]},"method":"POST","header":[],"body":{"mode":"formdata","formdata":[{"key":"name","value":"Gig's name","type":"text"},{"key":"description","value":"Gig's description","type":"text"},{"key":"stars","value":"3","type":"text"},{"key":"detail","value":"Gig's detail","type":"text"},{"key":"price","value":"1000","type":"text"},{"key":"cates","value":"[1,2, 3]","type":"text"},{"key":"imageGig","type":"file","fileNotInWorkingDirectoryWarning":"This file isn't in your working directory. Teammates you share this request with won't be able to use this file. To make collaboration easier you can setup your working directory in Settings.","filesNotInWorkingDirectory":["/Users/minhvu/Downloads/1322308.jpeg"],"src":"/Users/minhvu/Downloads/1322308.jpeg"}]},"url":{"raw":"{{base_url}}/api/gigs","host":["{{base_url}}"],"path":["api","gigs"]}},"response":[]},{"name":"Edit Gig - OWNER / ADMIN","id":"286cfda6-1e54-495b-be39-59245631a1ad","protocolProfileBehavior":{"disableBodyPruning":true},"request":{"auth":{"type":"bearer","bearer":[{"key":"token","value":"eyJhbGciOiJIUzI1NiIsInR5cCI6IkpXVCJ9.eyJpZCI6MTMsIm5hbWUiOiJlbGl6YWJldGgga2lraSIsImtleVBhaXIiOiJNdHciLCJyb2xlIjoiQURNSU4iLCJpYXQiOjE3MjAxOTM5MzgsImV4cCI6MTcyMDE5NzUzOH0.2AhyM4toarxA5UMnGrrWxWR7LcJMgtvWxzaalusZalg","type":"string"}]},"method":"PUT","header":[],"body":{"mode":"raw","raw":"{\n  \"name\": \"Gig name update\",\n  \"description\": \"Gig description\",\n  \"stars\": 0,\n  \"detail\": \"Gig detail\",\n  \"price\": 100,\n  \"cates\": \"[1, 2, 3]\"\n}","options":{"raw":{"language":"json"}}},"url":{"raw":"{{base_url}}/api/gigs/:id","host":["{{base_url}}"],"path":["api","gigs",":id"],"variable":[{"key":"id","value":"14"}]}},"response":[]},{"name":"Gig Id","id":"b9705e50-b4fd-470f-8180-1d15824aca21","protocolProfileBehavior":{"disableBodyPruning":true},"request":{"method":"GET","header":[],"url":{"raw":"{{base_url}}/api/gigs/:id","host":["{{base_url}}"],"path":["api","gigs",":id"],"variable":[{"key":"id","value":"14"}]}},"response":[]},{"name":"Remove Gig","id":"d7a6bce1-c3ca-4136-be88-aeb2df02cd74","protocolProfileBehavior":{"disableBodyPruning":true},"request":{"auth":{"type":"bearer","bearer":[{"key":"token","value":"eyJhbGciOiJIUzI1NiIsInR5cCI6IkpXVCJ9.eyJpZCI6MTMsIm5hbWUiOiJlbGl6YWJldGgga2lraSIsImtleVBhaXIiOiI1SDIiLCJyb2xlIjoiVVNFUiIsImlhdCI6MTcyMDIwMjU0MCwiZXhwIjoxNzIwMjA2MTQwfQ.zmvNR2neAV4LwiaOf2j-Cq4Svo8BrHj2Uy2VKdMqYDA","type":"string"}]},"method":"DELETE","header":[],"url":{"raw":"{{base_url}}/api/gigs/:resourceId","host":["{{base_url}}"],"path":["api","gigs",":resourceId"],"variable":[{"key":"resourceId","value":"14"}]}},"response":[]},{"name":"Upload image to Gig Id - OWNER","id":"9a6ef25e-81b5-4c22-8f4b-232eecc9c24b","protocolProfileBehavior":{"disableBodyPruning":true},"request":{"auth":{"type":"bearer","bearer":[{"key":"token","value":"eyJhbGciOiJIUzI1NiIsInR5cCI6IkpXVCJ9.eyJpZCI6MTMsIm5hbWUiOiJlbGl6YWJldGgga2lraSIsImtleVBhaXIiOiI1SDIiLCJyb2xlIjoiVVNFUiIsImlhdCI6MTcyMDIwMjU0MCwiZXhwIjoxNzIwMjA2MTQwfQ.zmvNR2neAV4LwiaOf2j-Cq4Svo8BrHj2Uy2VKdMqYDA","type":"string"}]},"method":"POST","header":[],"body":{"mode":"formdata","formdata":[{"key":"imageGig","type":"file","fileNotInWorkingDirectoryWarning":"This file isn't in your working directory. Teammates you share this request with won't be able to use this file. To make collaboration easier you can setup your working directory in Settings.","filesNotInWorkingDirectory":["/Users/minhvu/Downloads/maxresdefault.jpg"],"src":"/Users/minhvu/Downloads/maxresdefault.jpg"}]},"url":{"raw":"{{base_url}}/api/gigs/:resourceId/upload-image","host":["{{base_url}}"],"path":["api","gigs",":resourceId","upload-image"],"variable":[{"key":"resourceId","value":"12"}]}},"response":[]},{"name":"Search Gigs","id":"ba029e53-c1ed-451d-814e-ee3e417441fd","protocolProfileBehavior":{"disableBodyPruning":true},"request":{"method":"GET","header":[],"url":{"raw":"{{base_url}}/api/gigs/search?page=1&limit=10&keyword=gi","host":["{{base_url}}"],"path":["api","gigs","search"],"query":[{"key":"page","value":"1"},{"key":"limit","value":"10"},{"key":"keyword","value":"gi"}]}},"response":[]},{"name":"Rating Gig","id":"2263bae5-1890-4e94-91b8-c723f5c8361e","protocolProfileBehavior":{"disableBodyPruning":true},"request":{"auth":{"type":"bearer","bearer":[{"key":"token","value":"eyJhbGciOiJIUzI1NiIsInR5cCI6IkpXVCJ9.eyJpZCI6MTMsIm5hbWUiOiJlbGl6YWJldGgga2lraSIsImtleVBhaXIiOiJNdHciLCJyb2xlIjoiQURNSU4iLCJpYXQiOjE3MjAxOTM5MzgsImV4cCI6MTcyMDE5NzUzOH0.2AhyM4toarxA5UMnGrrWxWR7LcJMgtvWxzaalusZalg","type":"string"}]},"method":"POST","header":[],"body":{"mode":"raw","raw":"{\n  \"stars\": 3\n}","options":{"raw":{"language":"json"}}},"url":{"raw":"{{base_url}}/api/gigs/:id/rating","host":["{{base_url}}"],"path":["api","gigs",":id","rating"],"variable":[{"key":"id","value":"14"}]}},"response":[]},{"name":"Remove Rating Gig","id":"b8084b63-2db1-41f4-aca8-6806d98f21d1","protocolProfileBehavior":{"disableBodyPruning":true},"request":{"auth":{"type":"bearer","bearer":[{"key":"token","value":"eyJhbGciOiJIUzI1NiIsInR5cCI6IkpXVCJ9.eyJpZCI6MTMsIm5hbWUiOiJlbGl6YWJldGgga2lraSIsImtleVBhaXIiOiJNdHciLCJyb2xlIjoiQURNSU4iLCJpYXQiOjE3MjAxOTM5MzgsImV4cCI6MTcyMDE5NzUzOH0.2AhyM4toarxA5UMnGrrWxWR7LcJMgtvWxzaalusZalg","type":"string"}]},"method":"DELETE","header":[],"url":{"raw":"{{base_url}}/api/gigs/:id/rating","host":["{{base_url}}"],"path":["api","gigs",":id","rating"],"variable":[{"key":"id","value":"15"}]}},"response":[]}],"id":"a852028e-3271-41fc-a584-595a28dce4c7"},{"name":"BOOKING","item":[{"name":"List booking","id":"b948a062-248f-4c2a-a073-f05ba2a4405a","protocolProfileBehavior":{"disableBodyPruning":true},"request":{"method":"GET","header":[],"url":{"raw":"{{base_url}}/api/gig-booking?page=1&limit=10","host":["{{base_url}}"],"path":["api","gig-booking"],"query":[{"key":"page","value":"1"},{"key":"limit","value":"10"}]}},"response":[]},{"name":"Create booking","id":"a89b1d76-97b7-43de-9ccb-eacd8ae24d93","protocolProfileBehavior":{"disableBodyPruning":true},"request":{"auth":{"type":"bearer","bearer":[{"key":"token","value":"eyJhbGciOiJIUzI1NiIsInR5cCI6IkpXVCJ9.eyJpZCI6MTMsIm5hbWUiOiJlbGl6YWJldGgga2lraSIsImtleVBhaXIiOiJNdHciLCJyb2xlIjoiQURNSU4iLCJpYXQiOjE3MjAxOTM5MzgsImV4cCI6MTcyMDE5NzUzOH0.2AhyM4toarxA5UMnGrrWxWR7LcJMgtvWxzaalusZalg","type":"string"}]},"method":"POST","header":[],"body":{"mode":"raw","raw":"{\n  \"gig_id\": 12,\n  \"endAt\": \"2024-07-07\",\n  \"name_booking\": \"booking's name\",\n  \"price\": 90\n}","options":{"raw":{"language":"json"}}},"url":{"raw":"{{base_url}}/api/gig-booking","host":["{{base_url}}"],"path":["api","gig-booking"]}},"response":[]},{"name":"Get list booking filter by Author id","id":"c4701802-9cf4-4426-8371-f88138a91c42","protocolProfileBehavior":{"disableBodyPruning":true},"request":{"method":"GET","header":[],"url":{"raw":"{{base_url}}/api/gig-booking/author/:id?page=1&limit=10","host":["{{base_url}}"],"path":["api","gig-booking","author",":id"],"query":[{"key":"page","value":"1"},{"key":"limit","value":"10"}],"variable":[{"key":"id","value":"14"}]}},"response":[]},{"name":"Get list booking filter by Renter id","id":"a32f0f03-c4c9-4e8d-9269-c13428577e54","protocolProfileBehavior":{"disableBodyPruning":true},"request":{"method":"GET","header":[],"url":{"raw":"{{base_url}}/api/gig-booking/renter/:id?page=1&limit=10","host":["{{base_url}}"],"path":["api","gig-booking","renter",":id"],"query":[{"key":"page","value":"1"},{"key":"limit","value":"10"}],"variable":[{"key":"id","value":"13"}]}},"response":[]},{"name":"Search booking by name","id":"8a26b31a-205d-4f37-b11c-6ff7252ce6ab","protocolProfileBehavior":{"disableBodyPruning":true},"request":{"auth":{"type":"bearer","bearer":[{"key":"token","value":"eyJhbGciOiJIUzI1NiIsInR5cCI6IkpXVCJ9.eyJpZCI6MTMsIm5hbWUiOiJlbGl6YWJldGgga2lraSIsImtleVBhaXIiOiJNdHciLCJyb2xlIjoiQURNSU4iLCJpYXQiOjE3MjAxOTM5MzgsImV4cCI6MTcyMDE5NzUzOH0.2AhyM4toarxA5UMnGrrWxWR7LcJMgtvWxzaalusZalg","type":"string"}]},"method":"GET","header":[],"url":{"raw":"{{base_url}}/api/gig-booking/search?page=1&limit=10&keyword=boo","host":["{{base_url}}"],"path":["api","gig-booking","search"],"query":[{"key":"page","value":"1"},{"key":"limit","value":"10"},{"key":"keyword","value":"boo"}]}},"response":[]},{"name":"History List user was booked","id":"9334e881-98a3-4a3a-9b0a-5e61d4e9b36c","protocolProfileBehavior":{"disableBodyPruning":true},"request":{"auth":{"type":"bearer","bearer":[{"key":"token","value":"eyJhbGciOiJIUzI1NiIsInR5cCI6IkpXVCJ9.eyJpZCI6MTMsIm5hbWUiOiJlbGl6YWJldGgga2lraSIsImtleVBhaXIiOiJNdHciLCJyb2xlIjoiQURNSU4iLCJpYXQiOjE3MjAxOTM5MzgsImV4cCI6MTcyMDE5NzUzOH0.2AhyM4toarxA5UMnGrrWxWR7LcJMgtvWxzaalusZalg","type":"string"}]},"method":"GET","header":[],"url":{"raw":"{{base_url}}/api/gig-booking/history/user?page=1&limit=10","host":["{{base_url}}"],"path":["api","gig-booking","history","user"],"query":[{"key":"page","value":"1"},{"key":"limit","value":"10"}]}},"response":[]},{"name":"Status booking","id":"92f7e815-20eb-4bc5-9b3f-49c067367927","protocolProfileBehavior":{"disableBodyPruning":true},"request":{"method":"GET","header":[],"url":{"raw":"{{base_url}}/api/gig-booking/status","host":["{{base_url}}"],"path":["api","gig-booking","status"]}},"response":[]},{"name":"Edit booking - OWNER","id":"cab3a8d6-a3bb-452a-a401-acaea0ed3a25","protocolProfileBehavior":{"disableBodyPruning":true},"request":{"auth":{"type":"bearer","bearer":[{"key":"token","value":"eyJhbGciOiJIUzI1NiIsInR5cCI6IkpXVCJ9.eyJpZCI6MTMsIm5hbWUiOiJlbGl6YWJldGgga2lraSIsImtleVBhaXIiOiJsUmQiLCJyb2xlIjoiQURNSU4iLCJpYXQiOjE3MjAxOTc1OTUsImV4cCI6MTcyMDIwMTE5NX0.vMfeMzCj7mybmYzh_tDdpcG9oyOJhEJLTlOYNXuwnSk","type":"string"}]},"method":"PUT","header":[],"body":{"mode":"raw","raw":"{\n  \"endAt\": \"2024-07-08\",\n  \"status_id\": 2,\n  \"name_booking\": \"booking's name\"\n}","options":{"raw":{"language":"json"}}},"url":{"raw":"{{base_url}}/api/gig-booking/:resourceId","host":["{{base_url}}"],"path":["api","gig-booking",":resourceId"],"variable":[{"key":"resourceId","value":"10"}]}},"response":[]},{"name":"Remove Booking - ADMIN/OWNER","id":"1ea3eeab-d447-4880-9afd-860b0ebf0f33","protocolProfileBehavior":{"disableBodyPruning":true},"request":{"auth":{"type":"bearer","bearer":[{"key":"token","value":"eyJhbGciOiJIUzI1NiIsInR5cCI6IkpXVCJ9.eyJpZCI6MTMsIm5hbWUiOiJlbGl6YWJldGgga2lraSIsImtleVBhaXIiOiI1SDIiLCJyb2xlIjoiVVNFUiIsImlhdCI6MTcyMDIwMjU0MCwiZXhwIjoxNzIwMjA2MTQwfQ.zmvNR2neAV4LwiaOf2j-Cq4Svo8BrHj2Uy2VKdMqYDA","type":"string"}]},"method":"DELETE","header":[],"url":{"raw":"{{base_url}}/api/gig-booking/:resourceId","host":["{{base_url}}"],"path":["api","gig-booking",":resourceId"],"variable":[{"key":"resourceId","value":"10"}]}},"response":[]}],"id":"bea74a3e-283e-4b49-9d3c-d9c1900e6f2f"},{"name":"COMMENT","item":[{"name":"Comments of Gig","id":"4039d1fc-6802-4dfd-9a53-736971628190","protocolProfileBehavior":{"disableBodyPruning":true},"request":{"method":"GET","header":[],"url":{"raw":"{{base_url}}/api/comment/gig/:id?page=1&limit=10","host":["{{base_url}}"],"path":["api","comment","gig",":id"],"query":[{"key":"page","value":"1"},{"key":"limit","value":"10"}],"variable":[{"key":"id","value":"12"}]}},"response":[]},{"name":"Create Comment","id":"7cc279a8-52ee-49e6-ad95-f1b47ed71e83","protocolProfileBehavior":{"disableBodyPruning":true},"request":{"auth":{"type":"bearer","bearer":[{"key":"token","value":"eyJhbGciOiJIUzI1NiIsInR5cCI6IkpXVCJ9.eyJpZCI6MTMsIm5hbWUiOiJlbGl6YWJldGgga2lraSIsImtleVBhaXIiOiJsUmQiLCJyb2xlIjoiQURNSU4iLCJpYXQiOjE3MjAxOTc1OTUsImV4cCI6MTcyMDIwMTE5NX0.vMfeMzCj7mybmYzh_tDdpcG9oyOJhEJLTlOYNXuwnSk","type":"string"}]},"method":"POST","header":[],"body":{"mode":"raw","raw":"{\n  \"comment\": \"hello world 14\"\n}","options":{"raw":{"language":"json"}}},"url":{"raw":"{{base_url}}/api/comment/gig/:id","host":["{{base_url}}"],"path":["api","comment","gig",":id"],"variable":[{"key":"id","value":"14"}]}},"response":[]},{"name":"Remove Comment - OWNER / ADMIN","id":"c626a815-d654-4d83-b4bf-31a52b7d7263","protocolProfileBehavior":{"disableBodyPruning":true},"request":{"auth":{"type":"bearer","bearer":[{"key":"token","value":"eyJhbGciOiJIUzI1NiIsInR5cCI6IkpXVCJ9.eyJpZCI6MTMsIm5hbWUiOiJlbGl6YWJldGgga2lraSIsImtleVBhaXIiOiJsUmQiLCJyb2xlIjoiQURNSU4iLCJpYXQiOjE3MjAxOTc1OTUsImV4cCI6MTcyMDIwMTE5NX0.vMfeMzCj7mybmYzh_tDdpcG9oyOJhEJLTlOYNXuwnSk","type":"string"}]},"method":"DELETE","header":[],"url":{"raw":"{{base_url}}/api/comment/:id","host":["{{base_url}}"],"path":["api","comment",":id"],"variable":[{"key":"id","value":"4"}]}},"response":[]}],"id":"abb566da-d90d-455c-a86d-3a2bd961a098"}]}