{"info":{"_postman_id":"367d343f-2bad-474d-bc5c-1c3e1892d910","name":"New Collection","schema":"https://schema.getpostman.com/json/collection/v2.1.0/collection.json"},"item":[{"name":"Get Space","id":"ec8fd9d3-76d4-4a68-ac72-2c5e18aeb77d","protocolProfileBehavior":{"disableBodyPruning":true},"request":{"method":"GET","header":[],"url":{"raw":"https://cdn.contentful.com/spaces/5mcw77ten9oi?access_token=CWc5JvOC6xtbYcYjIbmevGPxnosqPHAYhq0-MbfG8s8","protocol":"https","host":["cdn","contentful","com"],"path":["spaces","5mcw77ten9oi"],"query":[{"key":"access_token","value":"CWc5JvOC6xtbYcYjIbmevGPxnosqPHAYhq0-MbfG8s8"}]}},"response":[]},{"name":"Get Content type","id":"f0bda0ec-d044-4c11-9e24-d5521d19ba99","protocolProfileBehavior":{"disableBodyPruning":true},"request":{"method":"GET","header":[],"url":{"raw":"https://cdn.contentful.com/spaces/5mcw77ten9oi/environments/master/content_types/product?access_token=CWc5JvOC6xtbYcYjIbmevGPxnosqPHAYhq0-MbfG8s8","protocol":"https","host":["cdn","contentful","com"],"path":["spaces","5mcw77ten9oi","environments","master","content_types","product"],"query":[{"key":"access_token","value":"CWc5JvOC6xtbYcYjIbmevGPxnosqPHAYhq0-MbfG8s8"}]}},"response":[]},{"name":"Get Entries by content type","id":"a23b67df-72c3-4f22-9cd9-ac06f929128b","protocolProfileBehavior":{"disableBodyPruning":true},"request":{"method":"GET","header":[],"url":{"raw":"https://cdn.contentful.com/spaces/5mcw77ten9oi/environments/master/entries?access_token=CWc5JvOC6xtbYcYjIbmevGPxnosqPHAYhq0-MbfG8s8&order=sys.createdAt&content_type=product","protocol":"https","host":["cdn","contentful","com"],"path":["spaces","5mcw77ten9oi","environments","master","entries"],"query":[{"key":"access_token","value":"CWc5JvOC6xtbYcYjIbmevGPxnosqPHAYhq0-MbfG8s8"},{"key":"order","value":"sys.createdAt"},{"key":"content_type","value":"product"}]}},"response":[]},{"name":"Get prev entry","id":"f0c9c1a2-5bb7-4911-9ade-c3c9d0dc6627","protocolProfileBehavior":{"disableBodyPruning":true},"request":{"method":"GET","header":[],"url":{"raw":"https://cdn.contentful.com/spaces/5mcw77ten9oi/environments/master/entries?access_token=CWc5JvOC6xtbYcYjIbmevGPxnosqPHAYhq0-MbfG8s8&order=-sys.createdAt&content_type=product&sys.createdAt[lt]=2023-06-22T05:11:30.697Z&limit=1","protocol":"https","host":["cdn","contentful","com"],"path":["spaces","5mcw77ten9oi","environments","master","entries"],"query":[{"key":"access_token","value":"CWc5JvOC6xtbYcYjIbmevGPxnosqPHAYhq0-MbfG8s8"},{"key":"order","value":"-sys.createdAt"},{"key":"content_type","value":"product"},{"key":"sys.createdAt[lt]","value":"2023-06-22T05:11:30.697Z"},{"key":"limit","value":"1"}]}},"response":[]},{"name":"Get next entry","id":"04d0d3ea-c393-4518-b383-6c7c94f9e00b","protocolProfileBehavior":{"disableBodyPruning":true},"request":{"method":"GET","header":[],"url":{"raw":"https://cdn.contentful.com/spaces/5mcw77ten9oi/environments/master/entries?access_token=CWc5JvOC6xtbYcYjIbmevGPxnosqPHAYhq0-MbfG8s8&order=sys.createdAt&content_type=product&limit=2&sys.createdAt[gte]=2023-07-03T15:53:41.986Z","protocol":"https","host":["cdn","contentful","com"],"path":["spaces","5mcw77ten9oi","environments","master","entries"],"query":[{"key":"access_token","value":"CWc5JvOC6xtbYcYjIbmevGPxnosqPHAYhq0-MbfG8s8"},{"key":"order","value":"sys.createdAt"},{"key":"content_type","value":"product"},{"key":"limit","value":"2"},{"key":"sys.createdAt[gte]","value":"2023-07-03T15:53:41.986Z"}]}},"response":[]},{"name":"Get Entries by tag","id":"69a8bde7-0e4a-4ba6-8733-1faac69393fb","protocolProfileBehavior":{"disableBodyPruning":true},"request":{"method":"GET","header":[],"url":{"raw":"https://cdn.contentful.com/spaces/5mcw77ten9oi/environments/master/content_types/product?access_token=CWc5JvOC6xtbYcYjIbmevGPxnosqPHAYhq0-MbfG8s8","protocol":"https","host":["cdn","contentful","com"],"path":["spaces","5mcw77ten9oi","environments","master","content_types","product"],"query":[{"key":"access_token","value":"CWc5JvOC6xtbYcYjIbmevGPxnosqPHAYhq0-MbfG8s8"}]}},"response":[]}]}